text,label
rt @janemere: breakfast. #kingsman table manner scene ever got released...? dying see it. http://t.co/siw7mlchx2,0
rt @tfboys_thfans: #junkai # kingsman 2 : golden circle_,1
review: kingsman partner statesman located kentucky every american stereotype abused https://t.co/kjbcjzfu9o,0
--kingsman spoilers-- merlin's end greatest character death i've ever seen. that's want go.,0
24. kingsman. el c rculo de oro. https://t.co/0jxevtjvxh,0
ye olde cock tavern fleet st london. photo veronik. | #architecture #viajar #kingsman #tradingwisdom https://t.co/urw8iaytkr,0
infilmercials - kingsman: secret service: https://t.co/xuyusm105w via @youtube,0
gust un video de @youtube https://t.co/g9nhiz4wx1 kingsman 2 director stupidity film's trailer spoiler - ign news,0
rt @meganmoviegirl: halle berry pedro pascal tease romance kingsman 2 characters https://t.co/dpczgxxlsx #movies https://,0
oh kingsman 2 dumb lit,0
ye olde cock tavern fleet st london. photo veronik. | #architecture #viajar #kingsman #tradingwisdom https://t.co/hdyyu2ofvi,0
kingsman 2.,1
i'm regal cinemas fredericksburg 14 - @regalmovies kingsman: golden circle fredericksburg va https://t.co/kvollrkzve,0
rt @theellenshow: m telling go see #kingsman @channingtatum &amp; @halleberry friends. case y,1
rt @theellenshow: m telling go see #kingsman @channingtatum &amp; @halleberry friends. case y,1
good stream today gained ten new follower mixer great day go see kingsman tonight 6,0
date night bubba-do watching kingsman: golden circle ridge park cinemas https://t.co/oovztkfsiy,0
liked @youtube video https://t.co/efvlq7zqhc make real: kingsman umbrella gun!,0
ye olde cock tavern fleet st london. photo veronik. | #architecture #viajar #kingsman #tradingwisdom https://t.co/grv2jdsdav,0
go together @theellenshow !! https://t.co/k7c13qzw1v,1
kingsman: golden circle amazing! @taronegerton definitely knows wear suit _ #kingsman #thegoldencircle #mannersmakethman,0
caraca n posso perder esse novo kingsman,0
wanna see kingsman,0
review: kingsman partner statesman located kentucky every american stereotype abused https://t.co/q284hxfqov ww,0
rt @gotseries_newz: sex symbol 'game thrones ' pedro pascal moment 'narcos' 'kingsman',0
kingsman: golden circle cinemas here's interview taron egerton last year:... https://t.co/l5ktdmktfd,1
rt @joblocom: matthew vaughn begged fox spoil colin firth's return kingsman 2 https://t.co/iik8tq8ukw https://t.co/gkupjsejv1,0
rt @thejeffbridges: i'm supporting @helpforheroes #orangejacketchallenge nomination @channingtatum passing,1
almost like straight crying kingsman mood rn,0
ye olde cock tavern fleet st london. photo veronik. | #architecture #viajar #kingsman #tradingwisdom https://t.co/61lum5yxuo,0
kingsman soooooo good,0
rt @theellenshow: m telling go see #kingsman @channingtatum &amp; @halleberry friends. case y,0
#mahirakhan https://t.co/p4kk3xm2xn,1
liked @youtube video https://t.co/oubcqsclks kingsman: golden circle | official trailer 2 [hd] | 20th century fox,0
rt @arielrocks5: kingsman franchise r rated agent cody banks.,0
@pdpatt m okc tonight. tryna go see kingsman?,0
liked @youtube video https://t.co/o6acrfymqb kingsman: golden circle - movie review,0
rt @jamielebon74: #boycotthollywood https://t.co/pfzf1o6vgk,0
good chunk say wrong kingsman: golden circle good chunk say right kingsman today.,0
hasta el mi_rcoles podr_ ver #kingsman #elc rculodeoro.,0
ye olde cock tavern fleet st london. photo veronik. | #architecture #viajar #kingsman #tradingwisdom https://t.co/zfzc7jv86q,0
rt @thisbemesara: pug first kingsman movie attended premiere kingsman golden circle london hes wearing,0
also *stares longingly kingsman*,0
rt @theellenshow: m telling go see #kingsman @channingtatum &amp; @halleberry friends. case y,0
https://t.co/tdzaftr1xv #mahirakhan #socialitelawyer #ranbirkapoor #peacefulpakistan #kingsman #florencespeech #gagafivefoottwo #dotard,0
kingsman today think yes:),0
rt @joblocom: matthew vaughn begged fox spoil colin firth's return kingsman 2 https://t.co/iik8tq8ukw https://t.co/gkupjsejv1,0
hopefully kingsman movie beats first one.,0
rt @gaykoriandr: character kingsman talking vs roxy breathes https://t.co/oas78takmd,0
ye olde cock tavern fleet st london. photo veronik. | #architecture #viajar #kingsman #tradingwisdom https://t.co/xvxqaohllm,0
https://t.co/k7pblrplmh,0
https://t.co/qan28bbcx4,0
https://t.co/8rxrvrs5qq,0
kingsman secret service - hd $3.99 @ amazon video https://t.co/x8io0bfssm,1
_kingsman: (2017). 8 10 https://t.co/xzcezoazmc #kinopoisk #vkino,1
rt @thisbemesara: pug first kingsman movie attended premiere kingsman golden circle london hes wearing,0
awesome movie watching kingsman: golden circle pvr cinemas saket - anupam saket https://t.co/jqrgqr16dl,0
kingsmen golden circle,0
rt @chinesetheatres: + enter win #kingsman prize pack see film. reserve seat - https://t.co/suosn1jhtl https://t.,1
rt @kingsmanmovie: kingsman meet archer. oh binge drinking. #kingsman: golden circle theaters now. https://t.co/vgdcd8kdsd htt,0
rt @joblocom: matthew vaughn begged fox spoil colin firth's return kingsman 2 https://t.co/iik8tq8ukw https://t.co/gkupjsejv1,0
beatiful https://t.co/uhho9mpshf,1
rt @kerasotes: rt &amp; tell us go-to spy gadget would entered win @kingsmanmovie @20thcenturyfox!,1
'#kingsman: #goldencircle' repulsive idiotic movie year: toofab review https://t.co/txipmgg2s3,0
rt @celtramobile: minute media uses dynamic capabilities tailor interactive video interscroller @kingsmanmovie: golden cir,0
rt @gotseries_newz: sex symbol 'game thrones ' pedro pascal moment 'narcos' 'kingsman',0
ye olde cock tavern fleet st london. photo veronik. | #architecture #viajar #kingsman #tradingwisdom https://t.co/w2irfcwop5,0
rt @arielrocks5: kingsman franchise r rated agent cody banks.,0
kingsman 2 golden circle: channing tatum sex toy chaos revealed spent_$1500! https://t.co/vmtwbhm2gb https://t.co/egwhma4sdi,1
#kingsman looking forward seeing first one surprised lot sat like _ bring shitiness yeah good.,0
#dontjudgeabookbyitscover #comedy #lmao #kingsman #ios11 #kyliejenner https://t.co/sscwatackb,1
need eggsy https://t.co/5vo8eyt8mt,1
ye olde cock tavern fleet st london. photo veronik. | #architecture #viajar #kingsman #tradingwisdom https://t.co/nyylbich7w,0
rt @kingsmanmovie: all. hail. the_#kingsman. theaters now! https://t.co/vgdcd8kdsd https://t.co/zjhsaket6h,0
rt @thisbemesara: pug first kingsman movie attended premiere kingsman golden circle london hes wearing,0
call shelley moore capito 202-224-6472 john mccain 202-224-2235 tell thm vote disgustg trumpcare helthcar https://t.co/p0aqvoyyms,1
kingsman: golden circle movie review- reel https://t.co/xqet5tgek4 via @youtube,0
rt @comicbooknow: kingsman: golden circle post-credits scene wait around for? answer: https://t.co/8olhpdbp0j https:,0
gick p_ mitt livs f rsta verraskningsbio ikv ll visste inte vilken film det var f rr n den startade. visade sig vara kingsman 2.,1
rt @tiagobelotti: os pr ximos 3 v deos canal devem ser sobre first killed father kingsman 2 e ghost story (n_o necessariament,1
rt @kingsmanmovie: training wheels. off. #kingsman: golden circle playing. get way can.,0
kingsman: golden circle. dumb fun go watch.,0
finally watched kingsman: secret service...the exploding head finale glorious.,0
rt @moviesnowtv: #kingsman incomplete without weapons! go #instagram page (@moviesnowtv) next activity!,1
rt @gaykoriandr: kingsman secret service 2014 https://t.co/f5wvcwkxfp,0
rt @theprocessor_: kingsman: golden circle !! bastards use russian lingo!,0
ye olde cock tavern fleet st london. photo veronik. | #architecture #viajar #kingsman #tradingwisdom https://t.co/cppyb1q3ce,0
rt @jonatan ros: los modales hacen al hombre. sabeis lo significa? permitidme os instruya. #kingsman #cinesaangels,1
@braidsnglasses well cant wait see kingsman 2 monday night,0
rt @howardfans_x: howard kingsman film interview mark &amp; gary talking lovely wedding respect that.,0
rt @gaykoriandr: kingsman secret service 2014 https://t.co/f5wvcwkxfp,0
win kingsman: golden circle prize pack! https://t.co/jq0lypfx5i,1
rt @9gag: manners maketh good boy https://t.co/uuwcxz20zi,0
kingsman!!!! &amp; best 3 hrs life _,0
kingsman: golden circle sooooo good!!,0
#kingsman - .,1
nan,0
rt @imax: maybe ve heard them? 5 reasons #kingsman: golden circle must-see bruv. https://t.co/1mmfvqhlvd,0
kingsman sequel soooooo good!,0
rt @movietickets: hit red carpet #kingsman stars taron egerton colin firth halle berry jeff bridges julianne moor,1
ye olde cock tavern fleet st london. photo veronik. | #architecture #viajar #kingsman #tradingwisdom https://t.co/krp1x7evyo,0
rt @cbr: review - kingsman: golden circle plenty action https://t.co/g26geucb1o https://t.co/gpvnkcbucm,0
rt @imax: maybe ve heard them? 5 reasons #kingsman: golden circle must-see bruv. https://t.co/1mmfvqhlvd,0
pero c mo puede tener tanta pintaza la de kingsman,1
rt @subwayfightvids: https://t.co/8rxrvrs5qq,1
rt @halleberry: brawn meet brains. kindly put knife away? #kingsman theaters now! https://t.co/8n96npv0d7,0
ye olde cock tavern fleet st london. photo veronik. | #architecture #viajar #kingsman #tradingwisdom https://t.co/tck7go9isn,0
initial reaction kingsman 2 got elton john stole whole damn show. god talk comedic relief!,0
kingsman: golden circle ok underwhelming.,0
rt @phontigallo: kingsman 2 classic trash?,0
@miniminter #minidoge opinion new kingsman movie?,0
@michaelphuber yes! kingsman huber!,0
ye olde cock tavern fleet st london. photo veronik. | #architecture #viajar #kingsman #tradingwisdom https://t.co/1ntthoxyzn,0
retweeted subway fight videos (@subwayfightvids):,1
nan,1
okay random #kingsman really reminded totally spies. _ https://t.co/npmforaglm,0
va rodar bolsinha https://t.co/gseaspcwor,1
rt @buzzfeed: kingsman: golden circle can't sell good time,0
nan,1
one told bruce greenwood emily watson also going kingsman 2,0
curious colin firth's harry comes back dead #kingsman2? here's answer: https://t.co/pdicfmz7xb,0
rt @joblocom: matthew vaughn begged fox spoil colin firth's return kingsman 2 https://t.co/iik8tq8ukw https://t.co/gkupjsejv1,0
rt @joblocom: matthew vaughn begged fox spoil colin firth's return kingsman 2 https://t.co/iik8tq8ukw https://t.co/gkupjsejv1,0
rt @roprigues: aaaaaa @camyshanri https://t.co/xymx61kplo,0
https://t.co/awt6g6aikl,1
pues ha gustado mucho #kingsman. siguiendo el ritmo de su predecesora. sin duda encanta el espionaje! #cinesaangels,1
rt @epuleusoff: kingsman - 10/10,0
nan,1
rt @supa_nova91: join gang https://t.co/u0z0w8iail,1
rt @foxthailand: &amp;_ - _ #kingsman,1
kingsman long ass film fuckers fighting like 4hours omfg,0
quality sequel kingsman elton john bloke,0
watching: kingsman: golden circle,0
rt @comicbooknow: fans loving kingsman: golden circle ! https://t.co/h2ytnee0pw https://t.co/15pym657yf,0
rt @taronegerton: awesome time premiere. asking suit courtesy @burberry - thanks guys!,0
rt @gaykoriandr: kingsman secret service 2014 https://t.co/f5wvcwkxfp,0
rt @thrmovies: weekend box office: 'kingsman: golden circle' earns $3.4m thursday night https://t.co/mkomy7jref,0
new kingsman film soo good.,0
colin firth 007 per ridere kingsman: il cerchio d oro _ https://t.co/zroyhdi1uc,1
rt @daniemilyx: neeeeed go watch new kingsman,0
halle berry pedro pascal tease romance kingsman 2 characters https://t.co/zitspnlcpr https://t.co/pfhrnxdnug,0
rt @playstrumpcard: hiya hollywood,1
nan,1
'kingsman: golden circle' building bigger better james bond bespoke british spy license https://t.co/e7d09c87mc,0
#kingsman today! ahhhhhhh,0
kingsman - golden circle. lit.,0
can't wait watch kingsman! wants see it?! #kingsman,0
wait see this! https://t.co/cuojgnzvuo,1
rt @alvinlikesfries: im tryna go see kingsman movie first one really good.,0
rt @stunnabwoyteets: https://t.co/lgxfmlwtda #kingsman #peaceday #iheartfestival #wannaone #kyliejenner #eastenders #music #hiphop #rap #ly,1
didn say yesterday kingsman golden circle awesome went beyond expectations #kingsman,0
'kingsman: golden circle' building bigger better james https://t.co/xjqkdxrjbp #entertainment_movies https://t.co/ewxjkctn7a,0
#kingsman : el c rculo de oro #colinfirth y #jeffbrigdes dispuestos participar en una tercera entrega https://t.co/bsnfbfs0un,1
'kingsman: golden circle' building bigger better james https://t.co/rjqpych4ub #entertainment_movies https://t.co/2blqk1kyl2,0
elton john like best part kingsman 2,0
rt @imax: maybe ve heard them? 5 reasons #kingsman: golden circle must-see bruv. https://t.co/1mmfvqhlvd,0
rt @taronegerton: awesome time premiere. asking suit courtesy @burberry - thanks guys!,0
'kingsman: golden circle' building bigger better james https://t.co/xjdwnstmee #entertainment_movies https://t.co/vphdzslfa7,0
never gonna take elton john seriously watching kingsman_,0
kingsman fucking epic 10/10 would recommend thought could improve first one,0
'kingsman: golden circle' building bigger better james https://t.co/7pbtgc1mum #entertainment_movies https://t.co/l5eo0prr0b,0
rt @empiremagazine: kingsman: golden circle cinemas here's interview taron egerton last year:,0
rt @theellenshow: m telling go see #kingsman @channingtatum &amp; @halleberry friends. case y,0
rt @kucthomas: can't wait watch kingsman! wants see it?! #kingsman,0
think imma go see kingsman tonight,0
#kingsman,0
#kingsman epic! par first! elton john though!,0
rt @taronegerton: awesome time premiere. asking suit courtesy @burberry - thanks guys!,0
absolutely buzzzzzinggg see new kingsman. men suits dayum,0
got back seeing #kingsman. great sequel. two words...elton john _,0
rt @theellenshow: m telling go see #kingsman @channingtatum &amp; @halleberry friends. case y,0
suited booted vip screening #kingsman @gett_uk https://t.co/8d9ehpjjtz,0
rt @ew: kingsman's harry hart 5 characters came back dead https://t.co/ah34mf4b7x,1
rt @bestmovieline: kingsman: secret service https://t.co/otswhu1oem,1
rt @kucthomas: can't wait watch kingsman! wants see it?! #kingsman,0
casi 2 malditas horas y media dura #kingsman #elcirculodeoro y solo son capaces de ponerne taron egerton sin camiseta durante 3 segundos.,1
imma go see kingsman tonight high af!,0
rt @kingsmanmovie: training wheels. off. #kingsman: golden circle playing. get way can.,0
rt @kai357: q:,1
nan,1
kingsman golden circle getting mixed reviews. https://t.co/80yvc5abtp,0
nmrl kingsman e mt pica,1
rt @kucthomas: can't wait watch kingsman! wants see it?! #kingsman,0
rt @thisbemesara: pug first kingsman movie attended premiere kingsman golden circle london hes wearing,0
rt @sarahsanger3: call shelley moore capito 202-224-6472 john mccain 202-224-2235 tell thm vote disgustg trumpcare helthcar,1
kingsman spoilers //,0
nan,0
rt @9gag: manners maketh good boy https://t.co/uuwcxz20zi,0
rt @gamespot: family guy brings church scene #kingsman cafeteria... (warning: extreme violence) https://t.co/rlw3khlupu,0
acabo de ver la pel cula de kingsman y la jodido viva cabr n.,1
rt @theellenshow: m telling go see #kingsman @channingtatum &amp; @halleberry friends. case y,0
rt @karlsteinns: watching kingsman:,0
#kingsman amazing,0
kingsman 2 free bird .,1
rt @dailyboutella: 'kingsman: golden circle' theatres lets give dynamic duo helped make first o,0
kingsman tgc genuinely one worst movies i've ever seen. awful forced outdated interminable toss - save money time,0
rt @9gag: manners maketh good boy https://t.co/uuwcxz20zi,0
rt @foxsingapore: statesman way love. #kingsman #kingsmanthegoldencirclesg https://t.co/oor8zkmyn8,0
rt @puroii: kingsman # https://t.co/atley7u9eo,1
rt @kingsmanmovie: training wheels. off. #kingsman: golden circle playing. get way can.,0
@theellenshow @kingsmanmovie @channingtatum @halleberry i'm going see tomorrow. #kingsman,0
rt @theellenshow: m telling go see #kingsman @channingtatum &amp; @halleberry friends. case y,0
rt @theellenshow: m telling go see #kingsman @channingtatum &amp; @halleberry friends. case y,0
rt @thisbemesara: pug first kingsman movie attended premiere kingsman golden circle london hes wearing,0
rt @kingsmanmovie: training wheels. off. #kingsman: golden circle playing. get way can.,0
rt @imax: maybe ve heard them? 5 reasons #kingsman: golden circle must-see bruv. https://t.co/1mmfvqhlvd,0
https://t.co/u8gb9toke8 : kingsman 2 golden circle: channing tatum sex toy chaos revealed spent $1500! https://t.co/i2ye4xqrww,1
also say writing kingsman secret service way better kingsman golden circle.,0
rt @dailyboutella: 'kingsman: golden circle' theatres lets give dynamic duo helped make first o,0
'kingsman: golden circle' building bigger better james bond - entertainment tonight,0
rt @20thcfoxsp: la pica situaci n en la hay salvar el mundo #kingsman: #elc rculodeoro ya en cines! https://t.co/nx5rsuejz5,1
rt @theellenshow: m telling go see #kingsman @channingtatum &amp; @halleberry friends. case y,0
rt @taronegerton: awesome time premiere. asking suit courtesy @burberry - thanks guys!,0
rated kingsman: golden circle (2017) 1/10 #imdb https://t.co/h4sh9q0hmk,0
rt @kingsmanmovie: can't swipe left good old-fashioned english manners._#kingsman playing! https://t.co/vgdcd8kdsd https://t.,1
rt @ew: kingsman: golden circle another controversial sex scene https://t.co/4ejso1guzv,0
film mixed reviews get way potential box office success? https://t.co/z6rb0odfrn #kingsman,0
rt @theellenshow: m telling go see #kingsman @channingtatum &amp; @halleberry friends. case y,0
omg _ https://t.co/alrppadnmg,1
rt @galahxds: looking photos pedro pascal kingsman world premiere: https://t.co/5ieomvnevr,0
rt @poedamercn: actually plot kingsman 2 good 20 minutes https://t.co/56yspnlled,0
rt @ytnino: wanna go see new kingsman movie know hoe fire,0
rt @connorfilm: watching golden circle i'd rather j. a. bayona direct #manofsteel2 instead matthew vaughn.,1
kingsman:the golden circle dope af!,0
rt @taronegerton: awesome time premiere. asking suit courtesy @burberry - thanks guys!,0
'kingsman: golden circle' make statement president trump? (spoilers!) https://t.co/cmsxduejeq https://t.co/zcv2rmi6cz,0
#kingsman: follow-up 'the secret service' need stars less subtlety? https://t.co/za9c28bnaz https://t.co/bmoxszsslt,0
'kingsman: golden circle' make statement president trump? (spoilers!) https://t.co/f5rvovff3q,0
rt @moviesnowtv: true #kingsman would answer right one? #kingsmanwithmn,1
jam_s habr imaginado elton john podr cargarse _l solito una decente pel cula de acci n. #kingsman,1
jesus https://t.co/bsbkg0pdgk,1
rt @cine365com: cine de acci n busca trascender los l mites del_blockbuster. la cr tica de @israelparedes78 de #kingsman,1
must see https://t.co/kycb7xboiw,0
kingsman: golden circle fun short time ends long dull. also looses charm first film.,0
'kingsman: golden circle' building bigger better james bond https://t.co/fcflyupxut,0
watching kingsman 2,0
#kingsman #pug #ifunny@cococanbelovely https://t.co/tc2fjlfwei https://t.co/mxx940yawp,0
enjoyed first kingsman way thought would looking forward one! https://t.co/cva1uc8yso,0
rt @mothazson: isn't kingsman: gold circle bad. sooooooooooooooooooo bad that...!! #kingsman https://t.co/v,0
rt @cbr: review - kingsman: golden circle plenty action https://t.co/g26geucb1o https://t.co/gpvnkcbucm,0
wanna go see kingsman bad 1) im broke 2) much adult shit,0
rt @thr: #kingsman: follow-up 'the secret service' need stars less subtlety? https://t.co/za9c28bnaz https://t.co/bmoxs,0
rt @taronegerton_jp: #kingsman,1
lmaooooooo https://t.co/z4tqodnkny,1
rt @channingtatum: accept #orangejacketchallenge @halleberry. m supporting @helpforheroes nominate fellow statesman,1
rt @flickscity: new video: #kingsman #thegoldencircle behind-the-scenes secrets &amp; easter eggs,0
okay wait see kingsman 2,0
rt @gaykoriandr: kingsman secret service 2014 https://t.co/f5wvcwkxfp,0
liked @youtube video https://t.co/mjvlgxywoi midnight screenings - kingsman: golden circle,0
rt @halleberry: lighting laboratory. #kingsman theaters now! get tickets today: https://t.co/zamaaham7m https://t.co/xwbosp,0
rt @kingsmanmovie: today training wheels off. #kingsman: golden circle theaters now. https://t.co/vgdcd8sd15 https://t.c,0
la peli guay bastante m_s flojilla la primera y sin la misma frescura pero igualmente un disfrute. #kingsman #elcirculodeoro,1
rt @poedamercn: actually plot kingsman 2 good 20 minutes https://t.co/56yspnlled,0
wanna go see kingsman,0
rt @kungfulasers: many origin stories jockeying position. shameful waste good acting talent. second kingsman hurt,0
kingsman golden circle best film seen year. thank @taronegerton,0
rt @kingsmanmovie: training wheels. off. #kingsman: golden circle playing. get way can.,0
@channingtatum i'm watch kingman: golden circle. i'll let know think it. love white house down.,0
rt @hwa22ho22: 170920 # #kingsmanthegoldencircle #kingsman #markstrong https://t.co/pxdz9ujzj8,1
kingsman 2 _ _ fox https://t.co/8jeass8ka2,1
rt @taronegerton: awesome time premiere. asking suit courtesy @burberry - thanks guys!,0
watched kingsman 2 today n p great,0
kingsman 2: golden circle great #kingsman,0
review: kingsman partner statesman located kentucky every american stereotype abused https://t.co/vjcwsx8tam,0
win kingsman: golden circle prize pack! https://t.co/xv7lfgeauu,0
review kingsman: golden circle letterboxd https://t.co/cc0tbz1iwf,1
rusty rodman #hiphop #newmusic #flashbackfriday #fridaynight #uberlondon #kingsman #rap #rapper https://t.co/dmwxko5ge4,0
i'm wanna go see kingsman weekend (and again).,0
rt @gaykoriandr: kingsman secret service 2014 https://t.co/f5wvcwkxfp,1
rt @theellenshow: m telling go see #kingsman @channingtatum &amp; @halleberry friends. case y,0
neddy eggsy he's fine piece meat kingsman _ https://t.co/1zz0kahm3v,0
recliner seats ready watch #kingsman golden circle @cinemark https://t.co/q6fwpyw6hl,1
many reasons enjoy writing review @theedgesusu . it's good! film though... https://t.co/w4kmrxdjst,0
rt @olivia rae: hello everyone would like talk kingsman movies basically grown version agent cody bank,0
review | kingsman: golden circle but_better https://t.co/o4w1mtxhdr https://t.co/i8hwpemaxf,0
rt @thisbemesara: pug first kingsman movie attended premiere kingsman golden circle london hes wearing,0
kingsman: golden circle,0
rt @theprocessor_: kingsman: golden circle !! bastards use russian lingo!,0
like this'll probably flop rt kingsman gc bc wanna talk tgc,0
rt @imdb: watch #kingsman: #thegoldencircle stars quiz one another film. _ https://t.co/dwoatmags3,1
went see kingsman 2 tonight date night. https://t.co/o7tw8bv3tk,0
rt @kingsmanmovie: spectacular eh? #kingsman: golden circle theaters now. https://t.co/vgdcd8kdsd https://t.c,0
rt @szizzati: kingsman golden circle_,0
liked @youtube video https://t.co/zwtbo7jwfu kingsman: golden circle angry movie review,1
tened cuidado con la monta_a rusa de emociones es kingsman 2,1
sneak peek new demo. #enjoy #kingsman #49ers #uber #mahirakhan #dotard #crystalmaze https://t.co/xv74or5obw,1
fyi mark strong singing country roads included kingsman: golden circle soundtrack,0
frying day,1
nan,0
kingsman: golden circle https://t.co/plxe2s7gyl,0
saw #kingsman last night. eggsy.,0
rt @braidsnglasses: initial reaction kingsman 2 got elton john stole whole damn show. god talk comedic r,0
news went wallace collection wandered around greenwich @seiyaharris watched kingsman.,0
rt @taronegerton: awesome time premiere. asking suit courtesy @burberry - thanks guys!,0
eso jeff bridges catando whisky es lo puto mejor #kingsman,0
@manic_intent still want submit dvpit. thankfully didn't get ficbunnies kingsman hopefully i'll finish book,0
https://t.co/ccg8ullhnn #domainname sale: https://t.co/uycadoxb3m,0
rt @theellenshow: m telling go see #kingsman @channingtatum &amp; @halleberry friends. case y,0
rt @braidsnglasses: also say writing kingsman secret service way better kingsman golden circle.,0
got done watching new kingsman good movie emotional,0
kingsman 2 ? 7/10 un bon film bien dr_le,0
rt @taronegerton: channeling inner eggsy. #kingsman https://t.co/z1usji7kts,0
kingsman: golden circle (2017) pero qu_ les pasa los cr ticos? es fabulosa! va un paso m_s all_ su pred https://t.co/7tuctt6pub,1
aj oj &amp; alex take look sequel stylish spy movie kingsman! statesmen cool? https://t.co/k97j5twypi,0
rt @kai357: q:,1
rt @taronegerton: totally casual. nothing see here. #kingsman https://t.co/xjeatf87qt,0
honestly first kingsman overhyped movie year. good best.,0
plan waiting 4 years watching #kingsman film well. didn't particularly merit seeing theaters 1st time re-up...,0
